timestamp,incubator_id,skin_temperature_c,body_movements,dislodgement_flag,sensor_status,signal_quality,event,simulation_mode,data_valid
2026-09-26 17:00:00,INC-001,36.52,13,0,CONNECTED,GOOD,NORMAL,MOCK,True
2026-09-26 17:00:00,INC-002,36.64,4,0,CONNECTED,GOOD,NORMAL,MOCK,True
2026-09-26 17:00:00,INC-003,36.61,3,0,CONNECTED,GOOD,NORMAL,MOCK,True
2026-09-26 17:00:00,INC-004,36.62,14,0,CONNECTED,GOOD,NORMAL,MOCK,True
2026-09-26 17:00:01,INC-001,36.56,7,0,CONNECTED,GOOD,NORMAL,MOCK,True
2026-09-26 17:00:01,INC-002,36.57,6,0,CONNECTED,GOOD,NORMAL,MOCK,True
2026-09-26 17:00:01,INC-003,36.61,6,0,CONNECTED,GOOD,NORMAL,MOCK,True
2026-09-26 17:00:01,INC-004,36.64,5,0,CONNECTED,GOOD,NORMAL,MOCK,True
2026-09-26 17:00:02,INC-001,36.63,14,0,CONNECTED,GOOD,NORMAL,MOCK,True
2026-09-26 17:00:02,INC-002,36.66,4,0,CONNECTED,GOOD,NORMAL,MOCK,True
2026-09-26 17:00:02,INC-003,36.54,13,0,CONNECTED,GOOD,NORMAL,MOCK,True
2026-09-26 17:00:02,INC-004,36.54,14,0,CONNECTED,GOOD,NORMAL,MOCK,True
2026-09-26 17:00:03,INC-001,36.53,11,0,CONNECTED,GOOD,NORMAL,MOCK,True
2026-09-26 17:00:03,INC-002,36.53,4,0,CONNECTED,GOOD,NORMAL,MOCK,True
2026-09-26 17:00:03,INC-003,36.66,12,0,CONNECTED,GOOD,NORMAL,MOCK,True
2026-09-26 17:00:03,INC-004,36.55,9,0,CONNECTED,GOOD,NORMAL,MOCK,True
2026-09-26 17:00:04,INC-001,36.52,3,0,CONNECTED,GOOD,NORMAL,MOCK,True
2026-09-26 17:00:04,INC-002,36.53,3,0,CONNECTED,GOOD,NORMAL,MOCK,True
2026-09-26 17:00:04,INC-003,36.66,4,0,CONNECTED,GOOD,NORMAL,MOCK,True
2026-09-26 17:00:04,INC-004,36.6,6,0,CONNECTED,GOOD,NORMAL,MOCK,True
2026-09-26 17:00:05,INC-001,36.6,6,0,CONNECTED,GOOD,NORMAL,MOCK,True
2026-09-26 17:00:05,INC-002,36.64,11,0,CONNECTED,GOOD,NORMAL,MOCK,True
2026-09-26 17:00:05,INC-003,36.55,12,0,CONNECTED,GOOD,NORMAL,MOCK,True
2026-09-26 17:00:05,INC-004,36.56,3,0,CONNECTED,GOOD,NORMAL,MOCK,True
2026-09-26 17:00:06,INC-001,36.55,11,0,CONNECTED,GOOD,NORMAL,MOCK,True
2026-09-26 17:00:06,INC-002,36.6,6,0,CONNECTED,GOOD,NORMAL,MOCK,True
2026-09-26 17:00:06,INC-003,36.54,14,0,CONNECTED,GOOD,NORMAL,MOCK,True
2026-09-26 17:00:06,INC-004,36.59,13,0,CONNECTED,GOOD,NORMAL,MOCK,True
2026-09-26 17:00:07,INC-001,36.61,14,0,CONNECTED,GOOD,NORMAL,MOCK,True
2026-09-26 17:00:07,INC-002,36.66,11,0,CONNECTED,GOOD,NORMAL,MOCK,True
2026-09-26 17:00:07,INC-003,36.66,9,0,CONNECTED,GOOD,NORMAL,MOCK,True
2026-09-26 17:00:07,INC-004,36.63,6,0,CONNECTED,GOOD,NORMAL,MOCK,True
2026-09-26 17:00:08,INC-001,36.61,10,0,CONNECTED,GOOD,NORMAL,MOCK,True
2026-09-26 17:00:08,INC-002,36.61,12,0,CONNECTED,GOOD,NORMAL,MOCK,True
2026-09-26 17:00:08,INC-003,36.62,7,0,CONNECTED,GOOD,NORMAL,MOCK,True
2026-09-26 17:00:08,INC-004,36.62,3,0,CONNECTED,GOOD,NORMAL,MOCK,True
2026-09-26 17:00:09,INC-001,36.52,5,0,CONNECTED,GOOD,NORMAL,MOCK,True
2026-09-26 17:00:09,INC-002,36.57,14,0,CONNECTED,GOOD,NORMAL,MOCK,True
2026-09-26 17:00:09,INC-003,36.67,9,0,CONNECTED,GOOD,NORMAL,MOCK,True
2026-09-26 17:00:09,INC-004,36.66,8,0,CONNECTED,GOOD,NORMAL,MOCK,True
2026-09-26 17:00:10,INC-001,36.63,7,0,CONNECTED,GOOD,NORMAL,MOCK,True
2026-09-26 17:00:10,INC-002,36.59,5,0,CONNECTED,GOOD,NORMAL,MOCK,True
2026-09-26 17:00:10,INC-003,36.68,6,0,CONNECTED,GOOD,NORMAL,MOCK,True
2026-09-26 17:00:10,INC-004,36.64,8,0,CONNECTED,GOOD,NORMAL,MOCK,True
2026-09-26 17:00:11,INC-001,36.54,4,0,CONNECTED,GOOD,NORMAL,MOCK,True
2026-09-26 17:00:11,INC-002,36.56,4,0,CONNECTED,GOOD,NORMAL,MOCK,True
2026-09-26 17:00:11,INC-003,36.66,9,0,CONNECTED,GOOD,NORMAL,MOCK,True
2026-09-26 17:00:11,INC-004,36.65,4,0,CONNECTED,GOOD,NORMAL,MOCK,True
2026-09-26 17:00:12,INC-001,36.57,8,0,CONNECTED,GOOD,NORMAL,MOCK,True
2026-09-26 17:00:12,INC-002,36.56,8,0,CONNECTED,GOOD,NORMAL,MOCK,True
2026-09-26 17:00:12,INC-003,36.64,12,0,CONNECTED,GOOD,NORMAL,MOCK,True
2026-09-26 17:00:12,INC-004,36.66,7,0,CONNECTED,GOOD,NORMAL,MOCK,True
2026-09-26 17:00:13,INC-001,36.54,3,0,CONNECTED,GOOD,NORMAL,MOCK,True
2026-09-26 17:00:13,INC-002,36.62,14,0,CONNECTED,GOOD,NORMAL,MOCK,True
2026-09-26 17:00:13,INC-003,36.67,10,0,CONNECTED,GOOD,NORMAL,MOCK,True
2026-09-26 17:00:13,INC-004,36.6,11,0,CONNECTED,GOOD,NORMAL,MOCK,True
2026-09-26 17:00:14,INC-001,36.62,4,0,CONNECTED,GOOD,NORMAL,MOCK,True
2026-09-26 17:00:14,INC-002,36.66,9,0,CONNECTED,GOOD,NORMAL,MOCK,True
2026-09-26 17:00:14,INC-003,36.66,4,0,CONNECTED,GOOD,NORMAL,MOCK,True
2026-09-26 17:00:14,INC-004,36.56,11,0,CONNECTED,GOOD,NORMAL,MOCK,True
2026-09-26 17:00:15,INC-001,36.64,7,0,CONNECTED,GOOD,NORMAL,MOCK,True
2026-09-26 17:00:15,INC-002,36.63,7,0,CONNECTED,GOOD,TEMPERATURE_CHANGE,MOCK,True
2026-09-26 17:00:15,INC-003,36.56,12,0,CONNECTED,GOOD,NORMAL,MOCK,True
2026-09-26 17:00:15,INC-004,36.0,5,0,CONNECTED,GOOD,TEMPERATURE_VARIATION,MOCK,True
2026-09-26 17:00:16,INC-001,36.68,14,0,CONNECTED,GOOD,NORMAL,MOCK,True
2026-09-26 17:00:16,INC-002,36.23,3,0,CONNECTED,GOOD,TEMPERATURE_CHANGE,MOCK,True
2026-09-26 17:00:16,INC-003,36.54,3,0,CONNECTED,GOOD,NORMAL,MOCK,True
2026-09-26 17:00:16,INC-004,35.93,5,0,CONNECTED,GOOD,TEMPERATURE_VARIATION,MOCK,True
2026-09-26 17:00:17,INC-001,36.61,7,0,CONNECTED,GOOD,NORMAL,MOCK,True
2026-09-26 17:00:17,INC-002,35.76,3,0,CONNECTED,GOOD,TEMPERATURE_CHANGE,MOCK,True
2026-09-26 17:00:17,INC-003,36.66,6,0,CONNECTED,GOOD,NORMAL,MOCK,True
2026-09-26 17:00:17,INC-004,35.97,3,0,CONNECTED,GOOD,TEMPERATURE_VARIATION,MOCK,True
2026-09-26 17:00:18,INC-001,36.62,9,0,CONNECTED,GOOD,NORMAL,MOCK,True
2026-09-26 17:00:18,INC-002,35.2,6,0,CONNECTED,GOOD,TEMPERATURE_CHANGE,MOCK,True
2026-09-26 17:00:18,INC-003,36.65,10,0,CONNECTED,GOOD,NORMAL,MOCK,True
2026-09-26 17:00:18,INC-004,35.96,7,0,CONNECTED,GOOD,TEMPERATURE_VARIATION,MOCK,True
2026-09-26 17:00:19,INC-001,36.61,5,0,CONNECTED,GOOD,NORMAL,MOCK,True
2026-09-26 17:00:19,INC-002,34.82,7,0,CONNECTED,GOOD,TEMPERATURE_CHANGE,MOCK,True
2026-09-26 17:00:19,INC-003,36.57,8,0,CONNECTED,GOOD,NORMAL,MOCK,True
2026-09-26 17:00:19,INC-004,35.93,5,0,CONNECTED,GOOD,TEMPERATURE_VARIATION,MOCK,True
2026-09-26 17:00:20,INC-001,36.53,13,0,CONNECTED,GOOD,NORMAL,MOCK,True
2026-09-26 17:00:20,INC-002,34.46,6,0,CONNECTED,GOOD,TEMPERATURE_CHANGE,MOCK,True
2026-09-26 17:00:20,INC-003,,2,0,ERROR,LOST,SENSOR_ERROR,MOCK,False
2026-09-26 17:00:20,INC-004,35.99,3,0,CONNECTED,GOOD,TEMPERATURE_VARIATION,MOCK,True
2026-09-26 17:00:21,INC-001,36.57,12,0,CONNECTED,GOOD,NORMAL,MOCK,True
2026-09-26 17:00:21,INC-002,33.91,4,0,CONNECTED,GOOD,TEMPERATURE_CHANGE,MOCK,True
2026-09-26 17:00:21,INC-003,,2,0,ERROR,LOST,SENSOR_ERROR,MOCK,False
2026-09-26 17:00:21,INC-004,36.06,5,0,CONNECTED,GOOD,TEMPERATURE_VARIATION,MOCK,True
2026-09-26 17:00:22,INC-001,36.56,5,0,CONNECTED,GOOD,NORMAL,MOCK,True
2026-09-26 17:00:22,INC-002,33.44,9,0,CONNECTED,GOOD,TEMPERATURE_CHANGE,MOCK,True
2026-09-26 17:00:22,INC-003,,1,0,ERROR,LOST,SENSOR_ERROR,MOCK,False
2026-09-26 17:00:22,INC-004,36.06,6,0,CONNECTED,GOOD,TEMPERATURE_VARIATION,MOCK,True
2026-09-26 17:00:23,INC-001,36.56,13,0,CONNECTED,GOOD,NORMAL,MOCK,True
2026-09-26 17:00:23,INC-002,33.01,5,0,CONNECTED,GOOD,TEMPERATURE_CHANGE,MOCK,True
2026-09-26 17:00:23,INC-003,,2,0,ERROR,LOST,SENSOR_ERROR,MOCK,False
2026-09-26 17:00:23,INC-004,35.92,7,0,CONNECTED,GOOD,TEMPERATURE_VARIATION,MOCK,True
2026-09-26 17:00:24,INC-001,36.58,3,0,CONNECTED,GOOD,NORMAL,MOCK,True
2026-09-26 17:00:24,INC-002,32.59,5,0,CONNECTED,GOOD,TEMPERATURE_CHANGE,MOCK,True
2026-09-26 17:00:24,INC-003,,0,0,ERROR,LOST,SENSOR_ERROR,MOCK,False
2026-09-26 17:00:24,INC-004,36.06,7,0,CONNECTED,GOOD,TEMPERATURE_VARIATION,MOCK,True
2026-09-26 17:00:25,INC-001,36.55,9,0,CONNECTED,GOOD,NORMAL,MOCK,True
2026-09-26 17:00:25,INC-002,32.1,1,1,DISLODGED,GOOD,DISLODGEMENT,MOCK,True
2026-09-26 17:00:25,INC-003,,0,0,ERROR,LOST,SENSOR_ERROR,MOCK,False
2026-09-26 17:00:25,INC-004,36.04,5,0,CONNECTED,GOOD,TEMPERATURE_VARIATION,MOCK,True
2026-09-26 17:00:26,INC-001,36.67,12,0,CONNECTED,GOOD,NORMAL,MOCK,True
2026-09-26 17:00:26,INC-002,32.39,2,1,DISLODGED,GOOD,DISLODGEMENT,MOCK,True
2026-09-26 17:00:26,INC-003,,1,0,ERROR,LOST,SENSOR_ERROR,MOCK,False
2026-09-26 17:00:26,INC-004,37.16,5,0,CONNECTED,GOOD,TEMPERATURE_VARIATION,MOCK,True
2026-09-26 17:00:27,INC-001,36.62,13,0,CONNECTED,GOOD,NORMAL,MOCK,True
2026-09-26 17:00:27,INC-002,32.14,1,1,DISLODGED,GOOD,DISLODGEMENT,MOCK,True
2026-09-26 17:00:27,INC-003,,1,0,ERROR,LOST,SENSOR_ERROR,MOCK,False
2026-09-26 17:00:27,INC-004,37.12,9,0,CONNECTED,GOOD,TEMPERATURE_VARIATION,MOCK,True
2026-09-26 17:00:28,INC-001,36.64,5,0,CONNECTED,GOOD,NORMAL,MOCK,True
2026-09-26 17:00:28,INC-002,32.17,1,1,DISLODGED,GOOD,DISLODGEMENT,MOCK,True
2026-09-26 17:00:28,INC-003,,0,0,ERROR,LOST,SENSOR_ERROR,MOCK,False
2026-09-26 17:00:28,INC-004,37.18,5,0,CONNECTED,GOOD,TEMPERATURE_VARIATION,MOCK,True
2026-09-26 17:00:29,INC-001,36.58,14,0,CONNECTED,GOOD,NORMAL,MOCK,True
2026-09-26 17:00:29,INC-002,32.3,2,1,DISLODGED,GOOD,DISLODGEMENT,MOCK,True
2026-09-26 17:00:29,INC-003,,2,0,ERROR,LOST,SENSOR_ERROR,MOCK,False
2026-09-26 17:00:29,INC-004,37.14,6,0,CONNECTED,GOOD,TEMPERATURE_VARIATION,MOCK,True
2026-09-26 17:00:30,INC-001,36.62,14,0,CONNECTED,FAIR,SIGNAL_VARIATION,MOCK,True
2026-09-26 17:00:30,INC-002,32.16,2,1,DISLODGED,GOOD,DISLODGEMENT,MOCK,True
2026-09-26 17:00:30,INC-003,35.94,9,0,RECONNECTING,POOR,RECONNECTING,MOCK,True
2026-09-26 17:00:30,INC-004,37.18,8,0,CONNECTED,GOOD,TEMPERATURE_VARIATION,MOCK,True
2026-09-26 17:00:31,INC-001,36.63,8,0,CONNECTED,FAIR,SIGNAL_VARIATION,MOCK,True
2026-09-26 17:00:31,INC-002,32.34,0,1,DISLODGED,GOOD,DISLODGEMENT,MOCK,True
2026-09-26 17:00:31,INC-003,35.93,5,0,RECONNECTING,POOR,RECONNECTING,MOCK,True
2026-09-26 17:00:31,INC-004,37.22,9,0,CONNECTED,GOOD,TEMPERATURE_VARIATION,MOCK,True
2026-09-26 17:00:32,INC-001,36.64,4,0,CONNECTED,GOOD,NORMAL,MOCK,True
2026-09-26 17:00:32,INC-002,32.1,0,1,DISLODGED,GOOD,DISLODGEMENT,MOCK,True
2026-09-26 17:00:32,INC-003,35.7,4,0,RECONNECTING,POOR,RECONNECTING,MOCK,True
2026-09-26 17:00:32,INC-004,37.13,4,0,CONNECTED,GOOD,TEMPERATURE_VARIATION,MOCK,True
2026-09-26 17:00:33,INC-001,36.53,13,0,CONNECTED,GOOD,NORMAL,MOCK,True
2026-09-26 17:00:33,INC-002,32.2,0,1,DISLODGED,GOOD,DISLODGEMENT,MOCK,True
2026-09-26 17:00:33,INC-003,35.99,13,0,RECONNECTING,POOR,RECONNECTING,MOCK,True
2026-09-26 17:00:33,INC-004,37.17,8,0,CONNECTED,GOOD,TEMPERATURE_VARIATION,MOCK,True
2026-09-26 17:00:34,INC-001,36.56,12,0,CONNECTED,GOOD,NORMAL,MOCK,True
2026-09-26 17:00:34,INC-002,32.07,0,1,DISLODGED,GOOD,DISLODGEMENT,MOCK,True
2026-09-26 17:00:34,INC-003,35.85,9,0,RECONNECTING,POOR,RECONNECTING,MOCK,True
2026-09-26 17:00:34,INC-004,37.24,8,0,CONNECTED,GOOD,TEMPERATURE_VARIATION,MOCK,True
2026-09-26 17:00:35,INC-001,36.67,12,0,CONNECTED,GOOD,NORMAL,MOCK,True
2026-09-26 17:00:35,INC-002,32.31,1,1,DISLODGED,GOOD,DISLODGEMENT,MOCK,True
2026-09-26 17:00:35,INC-003,36.5,11,0,CONNECTED,GOOD,RECOVERED,MOCK,True
2026-09-26 17:00:35,INC-004,37.13,6,0,CONNECTED,GOOD,TEMPERATURE_VARIATION,MOCK,True
2026-09-26 17:00:36,INC-001,36.57,11,0,CONNECTED,GOOD,NORMAL,MOCK,True
2026-09-26 17:00:36,INC-002,32.04,0,1,DISLODGED,GOOD,DISLODGEMENT,MOCK,True
2026-09-26 17:00:36,INC-003,36.57,13,0,CONNECTED,GOOD,NORMAL,MOCK,True
2026-09-26 17:00:36,INC-004,36.6,14,0,CONNECTED,GOOD,RECOVERED,MOCK,True
2026-09-26 17:00:37,INC-001,36.58,4,0,CONNECTED,GOOD,NORMAL,MOCK,True
2026-09-26 17:00:37,INC-002,32.22,2,1,DISLODGED,GOOD,DISLODGEMENT,MOCK,True
2026-09-26 17:00:37,INC-003,36.64,11,0,CONNECTED,GOOD,NORMAL,MOCK,True
2026-09-26 17:00:37,INC-004,36.58,7,0,CONNECTED,GOOD,NORMAL,MOCK,True
2026-09-26 17:00:38,INC-001,36.59,13,0,CONNECTED,GOOD,NORMAL,MOCK,True
2026-09-26 17:00:38,INC-002,32.29,1,1,DISLODGED,GOOD,DISLODGEMENT,MOCK,True
2026-09-26 17:00:38,INC-003,36.57,4,0,CONNECTED,GOOD,NORMAL,MOCK,True
2026-09-26 17:00:38,INC-004,36.64,7,0,CONNECTED,GOOD,NORMAL,MOCK,True
2026-09-26 17:00:39,INC-001,36.56,9,0,CONNECTED,GOOD,NORMAL,MOCK,True
2026-09-26 17:00:39,INC-002,32.21,0,1,DISLODGED,GOOD,DISLODGEMENT,MOCK,True
2026-09-26 17:00:39,INC-003,36.58,10,0,CONNECTED,GOOD,NORMAL,MOCK,True
2026-09-26 17:00:39,INC-004,36.64,3,0,CONNECTED,GOOD,NORMAL,MOCK,True
2026-09-26 17:00:40,INC-001,36.56,14,0,CONNECTED,GOOD,NORMAL,MOCK,True
2026-09-26 17:00:40,INC-002,32.2,14,0,CONNECTED,GOOD,RECOVERING,MOCK,True
2026-09-26 17:00:40,INC-003,36.54,7,0,CONNECTED,GOOD,NORMAL,MOCK,True
2026-09-26 17:00:40,INC-004,36.55,11,0,CONNECTED,GOOD,NORMAL,MOCK,True
2026-09-26 17:00:41,INC-001,36.66,5,0,CONNECTED,GOOD,NORMAL,MOCK,True
2026-09-26 17:00:41,INC-002,32.74,11,0,CONNECTED,GOOD,RECOVERING,MOCK,True
2026-09-26 17:00:41,INC-003,36.67,4,0,CONNECTED,GOOD,NORMAL,MOCK,True
2026-09-26 17:00:41,INC-004,36.54,13,0,CONNECTED,GOOD,NORMAL,MOCK,True
2026-09-26 17:00:42,INC-001,36.56,7,0,CONNECTED,GOOD,NORMAL,MOCK,True
2026-09-26 17:00:42,INC-002,33.13,13,0,CONNECTED,GOOD,RECOVERING,MOCK,True
2026-09-26 17:00:42,INC-003,36.66,11,0,CONNECTED,GOOD,NORMAL,MOCK,True
2026-09-26 17:00:42,INC-004,36.63,12,0,CONNECTED,GOOD,NORMAL,MOCK,True
2026-09-26 17:00:43,INC-001,36.6,6,0,CONNECTED,GOOD,NORMAL,MOCK,True
2026-09-26 17:00:43,INC-002,33.62,5,0,CONNECTED,GOOD,RECOVERING,MOCK,True
2026-09-26 17:00:43,INC-003,36.57,8,0,CONNECTED,GOOD,NORMAL,MOCK,True
2026-09-26 17:00:43,INC-004,36.55,5,0,CONNECTED,GOOD,NORMAL,MOCK,True
2026-09-26 17:00:44,INC-001,36.53,11,0,CONNECTED,GOOD,NORMAL,MOCK,True
2026-09-26 17:00:44,INC-002,34.1,11,0,CONNECTED,GOOD,RECOVERING,MOCK,True
2026-09-26 17:00:44,INC-003,36.52,3,0,CONNECTED,GOOD,NORMAL,MOCK,True
2026-09-26 17:00:44,INC-004,36.64,12,0,CONNECTED,GOOD,NORMAL,MOCK,True
2026-09-26 17:00:45,INC-001,36.62,8,0,CONNECTED,GOOD,NORMAL,MOCK,True
2026-09-26 17:00:45,INC-002,34.54,10,0,CONNECTED,GOOD,RECOVERING,MOCK,True
2026-09-26 17:00:45,INC-003,36.59,3,0,CONNECTED,GOOD,NORMAL,MOCK,True
2026-09-26 17:00:45,INC-004,36.62,4,0,CONNECTED,GOOD,NORMAL,MOCK,True
2026-09-26 17:00:46,INC-001,36.59,8,0,CONNECTED,GOOD,NORMAL,MOCK,True
2026-09-26 17:00:46,INC-002,35.04,7,0,CONNECTED,GOOD,RECOVERING,MOCK,True
2026-09-26 17:00:46,INC-003,36.62,6,0,CONNECTED,GOOD,NORMAL,MOCK,True
2026-09-26 17:00:46,INC-004,36.54,3,0,CONNECTED,GOOD,NORMAL,MOCK,True
2026-09-26 17:00:47,INC-001,36.58,6,0,CONNECTED,GOOD,NORMAL,MOCK,True
2026-09-26 17:00:47,INC-002,35.45,12,0,CONNECTED,GOOD,RECOVERING,MOCK,True
2026-09-26 17:00:47,INC-003,36.59,4,0,CONNECTED,GOOD,NORMAL,MOCK,True
2026-09-26 17:00:47,INC-004,36.67,4,0,CONNECTED,GOOD,NORMAL,MOCK,True
2026-09-26 17:00:48,INC-001,36.6,14,0,CONNECTED,GOOD,NORMAL,MOCK,True
2026-09-26 17:00:48,INC-002,35.98,10,0,CONNECTED,GOOD,RECOVERING,MOCK,True
2026-09-26 17:00:48,INC-003,36.6,4,0,CONNECTED,GOOD,NORMAL,MOCK,True
2026-09-26 17:00:48,INC-004,36.52,11,0,CONNECTED,GOOD,NORMAL,MOCK,True
2026-09-26 17:00:49,INC-001,36.66,5,0,CONNECTED,GOOD,NORMAL,MOCK,True
2026-09-26 17:00:49,INC-002,36.37,5,0,CONNECTED,GOOD,RECOVERING,MOCK,True
2026-09-26 17:00:49,INC-003,36.65,13,0,CONNECTED,GOOD,NORMAL,MOCK,True
2026-09-26 17:00:49,INC-004,36.63,10,0,CONNECTED,GOOD,NORMAL,MOCK,True
2026-09-26 17:00:50,INC-001,36.64,11,0,CONNECTED,GOOD,NORMAL,MOCK,True
2026-09-26 17:00:50,INC-002,36.63,5,0,CONNECTED,GOOD,RECOVERED,MOCK,True
2026-09-26 17:00:50,INC-003,36.53,7,0,CONNECTED,GOOD,NORMAL,MOCK,True
2026-09-26 17:00:50,INC-004,36.58,11,0,CONNECTED,GOOD,NORMAL,MOCK,True
2026-09-26 17:00:51,INC-001,36.61,12,0,CONNECTED,GOOD,NORMAL,MOCK,True
2026-09-26 17:00:51,INC-002,36.54,9,0,CONNECTED,GOOD,NORMAL,MOCK,True
2026-09-26 17:00:51,INC-003,36.62,6,0,CONNECTED,GOOD,NORMAL,MOCK,True
2026-09-26 17:00:51,INC-004,36.53,11,0,CONNECTED,GOOD,NORMAL,MOCK,True
2026-09-26 17:00:52,INC-001,36.62,14,0,CONNECTED,GOOD,NORMAL,MOCK,True
2026-09-26 17:00:52,INC-002,36.56,14,0,CONNECTED,GOOD,NORMAL,MOCK,True
2026-09-26 17:00:52,INC-003,36.65,6,0,CONNECTED,GOOD,NORMAL,MOCK,True
2026-09-26 17:00:52,INC-004,36.62,14,0,CONNECTED,GOOD,NORMAL,MOCK,True
2026-09-26 17:00:53,INC-001,36.59,7,0,CONNECTED,GOOD,NORMAL,MOCK,True
2026-09-26 17:00:53,INC-002,36.55,9,0,CONNECTED,GOOD,NORMAL,MOCK,True
2026-09-26 17:00:53,INC-003,36.63,13,0,CONNECTED,GOOD,NORMAL,MOCK,True
2026-09-26 17:00:53,INC-004,36.64,13,0,CONNECTED,GOOD,NORMAL,MOCK,True
2026-09-26 17:00:54,INC-001,36.67,8,0,CONNECTED,GOOD,NORMAL,MOCK,True
2026-09-26 17:00:54,INC-002,36.6,10,0,CONNECTED,GOOD,NORMAL,MOCK,True
2026-09-26 17:00:54,INC-003,36.55,11,0,CONNECTED,GOOD,NORMAL,MOCK,True
2026-09-26 17:00:54,INC-004,36.62,10,0,CONNECTED,GOOD,NORMAL,MOCK,True
2026-09-26 17:00:55,INC-001,36.56,4,0,CONNECTED,GOOD,NORMAL,MOCK,True
2026-09-26 17:00:55,INC-002,36.53,6,0,CONNECTED,GOOD,NORMAL,MOCK,True
2026-09-26 17:00:55,INC-003,36.56,6,0,CONNECTED,GOOD,NORMAL,MOCK,True
2026-09-26 17:00:55,INC-004,36.68,4,0,CONNECTED,GOOD,NORMAL,MOCK,True
2026-09-26 17:00:56,INC-001,36.55,8,0,CONNECTED,GOOD,NORMAL,MOCK,True
2026-09-26 17:00:56,INC-002,36.52,3,0,CONNECTED,GOOD,NORMAL,MOCK,True
2026-09-26 17:00:56,INC-003,36.66,12,0,CONNECTED,GOOD,NORMAL,MOCK,True
2026-09-26 17:00:56,INC-004,36.58,11,0,CONNECTED,GOOD,NORMAL,MOCK,True
2026-09-26 17:00:57,INC-001,36.66,6,0,CONNECTED,GOOD,NORMAL,MOCK,True
2026-09-26 17:00:57,INC-002,36.56,12,0,CONNECTED,GOOD,NORMAL,MOCK,True
2026-09-26 17:00:57,INC-003,36.59,6,0,CONNECTED,GOOD,NORMAL,MOCK,True
2026-09-26 17:00:57,INC-004,36.58,3,0,CONNECTED,GOOD,NORMAL,MOCK,True
2026-09-26 17:00:58,INC-001,36.62,4,0,CONNECTED,GOOD,NORMAL,MOCK,True
2026-09-26 17:00:58,INC-002,36.59,14,0,CONNECTED,GOOD,NORMAL,MOCK,True
2026-09-26 17:00:58,INC-003,36.55,13,0,CONNECTED,GOOD,NORMAL,MOCK,True
2026-09-26 17:00:58,INC-004,36.57,3,0,CONNECTED,GOOD,NORMAL,MOCK,True
2026-09-26 17:00:59,INC-001,36.54,6,0,CONNECTED,GOOD,NORMAL,MOCK,True
2026-09-26 17:00:59,INC-002,36.66,4,0,CONNECTED,GOOD,NORMAL,MOCK,True
2026-09-26 17:00:59,INC-003,36.6,3,0,CONNECTED,GOOD,NORMAL,MOCK,True
2026-09-26 17:00:59,INC-004,36.65,8,0,CONNECTED,GOOD,NORMAL,MOCK,True
