timestamp,incubator_id,skin_temperature_c,air_temperature_c,dislodgement_flag,sensor_status,signal_quality,event,simulation_mode,temperature_difference_c,data_valid
2026-09-26 17:00:00,INC-001,36.52,32.21,0,CONNECTED,GOOD,NORMAL,MOCK,4.31,True
2026-09-26 17:00:00,INC-002,36.64,32.23,0,CONNECTED,GOOD,NORMAL,MOCK,4.42,True
2026-09-26 17:00:00,INC-003,36.61,32.24,0,CONNECTED,GOOD,NORMAL,MOCK,4.37,True
2026-09-26 17:00:00,INC-004,36.62,32.17,0,CONNECTED,GOOD,NORMAL,MOCK,4.45,True
2026-09-26 17:00:01,INC-001,36.56,32.18,0,CONNECTED,GOOD,NORMAL,MOCK,4.38,True
2026-09-26 17:00:01,INC-002,36.57,32.2,0,CONNECTED,GOOD,NORMAL,MOCK,4.37,True
2026-09-26 17:00:01,INC-003,36.61,32.23,0,CONNECTED,GOOD,NORMAL,MOCK,4.38,True
2026-09-26 17:00:01,INC-004,36.64,32.15,0,CONNECTED,GOOD,NORMAL,MOCK,4.49,True
2026-09-26 17:00:02,INC-001,36.63,32.22,0,CONNECTED,GOOD,NORMAL,MOCK,4.4,True
2026-09-26 17:00:02,INC-002,36.66,32.15,0,CONNECTED,GOOD,NORMAL,MOCK,4.51,True
2026-09-26 17:00:02,INC-003,36.54,32.16,0,CONNECTED,GOOD,NORMAL,MOCK,4.38,True
2026-09-26 17:00:02,INC-004,36.54,32.23,0,CONNECTED,GOOD,NORMAL,MOCK,4.31,True
2026-09-26 17:00:03,INC-001,36.53,32.24,0,CONNECTED,GOOD,NORMAL,MOCK,4.29,True
2026-09-26 17:00:03,INC-002,36.53,32.23,0,CONNECTED,GOOD,NORMAL,MOCK,4.3,True
2026-09-26 17:00:03,INC-003,36.66,32.18,0,CONNECTED,GOOD,NORMAL,MOCK,4.48,True
2026-09-26 17:00:03,INC-004,36.55,32.19,0,CONNECTED,GOOD,NORMAL,MOCK,4.36,True
2026-09-26 17:00:04,INC-001,36.52,32.19,0,CONNECTED,GOOD,NORMAL,MOCK,4.33,True
2026-09-26 17:00:04,INC-002,36.53,32.24,0,CONNECTED,GOOD,NORMAL,MOCK,4.3,True
2026-09-26 17:00:04,INC-003,36.66,32.23,0,CONNECTED,GOOD,NORMAL,MOCK,4.43,True
2026-09-26 17:00:04,INC-004,36.6,32.25,0,CONNECTED,GOOD,NORMAL,MOCK,4.36,True
2026-09-26 17:00:05,INC-001,36.6,32.17,0,CONNECTED,GOOD,NORMAL,MOCK,4.43,True
2026-09-26 17:00:05,INC-002,36.64,32.2,0,CONNECTED,GOOD,NORMAL,MOCK,4.44,True
2026-09-26 17:00:05,INC-003,36.55,32.24,0,CONNECTED,GOOD,NORMAL,MOCK,4.31,True
2026-09-26 17:00:05,INC-004,36.56,32.16,0,CONNECTED,GOOD,NORMAL,MOCK,4.4,True
2026-09-26 17:00:06,INC-001,36.55,32.15,0,CONNECTED,GOOD,NORMAL,MOCK,4.4,True
2026-09-26 17:00:06,INC-002,36.6,32.23,0,CONNECTED,GOOD,NORMAL,MOCK,4.37,True
2026-09-26 17:00:06,INC-003,36.54,32.17,0,CONNECTED,GOOD,NORMAL,MOCK,4.36,True
2026-09-26 17:00:06,INC-004,36.59,32.23,0,CONNECTED,GOOD,NORMAL,MOCK,4.36,True
2026-09-26 17:00:07,INC-001,36.61,32.21,0,CONNECTED,GOOD,NORMAL,MOCK,4.39,True
2026-09-26 17:00:07,INC-002,36.66,32.2,0,CONNECTED,GOOD,NORMAL,MOCK,4.45,True
2026-09-26 17:00:07,INC-003,36.66,32.23,0,CONNECTED,GOOD,NORMAL,MOCK,4.43,True
2026-09-26 17:00:07,INC-004,36.63,32.23,0,CONNECTED,GOOD,NORMAL,MOCK,4.4,True
2026-09-26 17:00:08,INC-001,36.61,32.17,0,CONNECTED,GOOD,NORMAL,MOCK,4.44,True
2026-09-26 17:00:08,INC-002,36.61,32.19,0,CONNECTED,GOOD,NORMAL,MOCK,4.41,True
2026-09-26 17:00:08,INC-003,36.62,32.19,0,CONNECTED,GOOD,NORMAL,MOCK,4.43,True
2026-09-26 17:00:08,INC-004,36.62,32.25,0,CONNECTED,GOOD,NORMAL,MOCK,4.37,True
2026-09-26 17:00:09,INC-001,36.52,32.23,0,CONNECTED,GOOD,NORMAL,MOCK,4.29,True
2026-09-26 17:00:09,INC-002,36.57,32.22,0,CONNECTED,GOOD,NORMAL,MOCK,4.35,True
2026-09-26 17:00:09,INC-003,36.67,32.17,0,CONNECTED,GOOD,NORMAL,MOCK,4.5,True
2026-09-26 17:00:09,INC-004,36.66,32.25,0,CONNECTED,GOOD,NORMAL,MOCK,4.42,True
2026-09-26 17:00:10,INC-001,36.63,32.23,0,CONNECTED,GOOD,NORMAL,MOCK,4.4,True
2026-09-26 17:00:10,INC-002,36.59,32.25,0,CONNECTED,GOOD,NORMAL,MOCK,4.34,True
2026-09-26 17:00:10,INC-003,36.68,32.24,0,CONNECTED,GOOD,NORMAL,MOCK,4.44,True
2026-09-26 17:00:10,INC-004,36.64,32.21,0,CONNECTED,GOOD,NORMAL,MOCK,4.42,True
2026-09-26 17:00:11,INC-001,36.54,32.18,0,CONNECTED,GOOD,NORMAL,MOCK,4.36,True
2026-09-26 17:00:11,INC-002,36.56,32.2,0,CONNECTED,GOOD,NORMAL,MOCK,4.35,True
2026-09-26 17:00:11,INC-003,36.66,32.23,0,CONNECTED,GOOD,NORMAL,MOCK,4.43,True
2026-09-26 17:00:11,INC-004,36.65,32.2,0,CONNECTED,GOOD,NORMAL,MOCK,4.45,True
2026-09-26 17:00:12,INC-001,36.57,32.25,0,CONNECTED,GOOD,NORMAL,MOCK,4.33,True
2026-09-26 17:00:12,INC-002,36.56,32.18,0,CONNECTED,GOOD,NORMAL,MOCK,4.37,True
2026-09-26 17:00:12,INC-003,36.64,32.15,0,CONNECTED,GOOD,NORMAL,MOCK,4.49,True
2026-09-26 17:00:12,INC-004,36.66,32.2,0,CONNECTED,GOOD,NORMAL,MOCK,4.46,True
2026-09-26 17:00:13,INC-001,36.54,32.16,0,CONNECTED,GOOD,NORMAL,MOCK,4.38,True
2026-09-26 17:00:13,INC-002,36.62,32.17,0,CONNECTED,GOOD,NORMAL,MOCK,4.45,True
2026-09-26 17:00:13,INC-003,36.67,32.18,0,CONNECTED,GOOD,NORMAL,MOCK,4.49,True
2026-09-26 17:00:13,INC-004,36.6,32.22,0,CONNECTED,GOOD,NORMAL,MOCK,4.37,True
2026-09-26 17:00:14,INC-001,36.62,32.23,0,CONNECTED,GOOD,NORMAL,MOCK,4.38,True
2026-09-26 17:00:14,INC-002,36.66,32.17,0,CONNECTED,GOOD,NORMAL,MOCK,4.48,True
2026-09-26 17:00:14,INC-003,36.66,32.23,0,CONNECTED,GOOD,NORMAL,MOCK,4.43,True
2026-09-26 17:00:14,INC-004,36.56,32.18,0,CONNECTED,GOOD,NORMAL,MOCK,4.38,True
2026-09-26 17:00:15,INC-001,36.64,32.23,0,CONNECTED,GOOD,NORMAL,MOCK,4.41,True
2026-09-26 17:00:15,INC-002,36.63,32.16,0,CONNECTED,GOOD,TEMPERATURE_CHANGE,MOCK,4.47,True
2026-09-26 17:00:15,INC-003,36.56,32.23,0,CONNECTED,GOOD,NORMAL,MOCK,4.33,True
2026-09-26 17:00:15,INC-004,36.0,32.21,0,CONNECTED,GOOD,TEMPERATURE_VARIATION,MOCK,3.79,True
2026-09-26 17:00:16,INC-001,36.68,32.2,0,CONNECTED,GOOD,NORMAL,MOCK,4.47,True
2026-09-26 17:00:16,INC-002,36.23,32.17,0,CONNECTED,GOOD,TEMPERATURE_CHANGE,MOCK,4.05,True
2026-09-26 17:00:16,INC-003,36.54,32.23,0,CONNECTED,GOOD,NORMAL,MOCK,4.31,True
2026-09-26 17:00:16,INC-004,35.93,32.21,0,CONNECTED,GOOD,TEMPERATURE_VARIATION,MOCK,3.72,True
2026-09-26 17:00:17,INC-001,36.61,32.19,0,CONNECTED,GOOD,NORMAL,MOCK,4.42,True
2026-09-26 17:00:17,INC-002,35.76,32.21,0,CONNECTED,GOOD,TEMPERATURE_CHANGE,MOCK,3.55,True
2026-09-26 17:00:17,INC-003,36.66,32.24,0,CONNECTED,GOOD,NORMAL,MOCK,4.42,True
2026-09-26 17:00:17,INC-004,35.97,32.18,0,CONNECTED,GOOD,TEMPERATURE_VARIATION,MOCK,3.79,True
2026-09-26 17:00:18,INC-001,36.62,32.23,0,CONNECTED,GOOD,NORMAL,MOCK,4.39,True
2026-09-26 17:00:18,INC-002,35.2,32.23,0,CONNECTED,GOOD,TEMPERATURE_CHANGE,MOCK,2.97,True
2026-09-26 17:00:18,INC-003,36.65,32.17,0,CONNECTED,GOOD,NORMAL,MOCK,4.48,True
2026-09-26 17:00:18,INC-004,35.96,32.2,0,CONNECTED,GOOD,TEMPERATURE_VARIATION,MOCK,3.75,True
2026-09-26 17:00:19,INC-001,36.61,32.24,0,CONNECTED,GOOD,NORMAL,MOCK,4.38,True
2026-09-26 17:00:19,INC-002,34.82,32.19,0,CONNECTED,GOOD,TEMPERATURE_CHANGE,MOCK,2.62,True
2026-09-26 17:00:19,INC-003,36.57,32.2,0,CONNECTED,GOOD,NORMAL,MOCK,4.37,True
2026-09-26 17:00:19,INC-004,35.93,32.22,0,CONNECTED,GOOD,TEMPERATURE_VARIATION,MOCK,3.71,True
2026-09-26 17:00:20,INC-001,36.53,32.22,0,CONNECTED,GOOD,NORMAL,MOCK,4.31,True
2026-09-26 17:00:20,INC-002,34.46,32.22,0,CONNECTED,GOOD,TEMPERATURE_CHANGE,MOCK,2.23,True
2026-09-26 17:00:20,INC-003,,32.23,0,ERROR,LOST,SENSOR_ERROR,MOCK,,False
2026-09-26 17:00:20,INC-004,35.99,32.19,0,CONNECTED,GOOD,TEMPERATURE_VARIATION,MOCK,3.8,True
2026-09-26 17:00:21,INC-001,36.57,32.17,0,CONNECTED,GOOD,NORMAL,MOCK,4.39,True
2026-09-26 17:00:21,INC-002,33.91,32.16,0,CONNECTED,GOOD,TEMPERATURE_CHANGE,MOCK,1.75,True
2026-09-26 17:00:21,INC-003,,32.15,0,ERROR,LOST,SENSOR_ERROR,MOCK,,False
2026-09-26 17:00:21,INC-004,36.06,32.17,0,CONNECTED,GOOD,TEMPERATURE_VARIATION,MOCK,3.89,True
2026-09-26 17:00:22,INC-001,36.56,32.16,0,CONNECTED,GOOD,NORMAL,MOCK,4.4,True
2026-09-26 17:00:22,INC-002,33.44,32.24,0,CONNECTED,GOOD,TEMPERATURE_CHANGE,MOCK,1.2,True
2026-09-26 17:00:22,INC-003,,32.18,0,ERROR,LOST,SENSOR_ERROR,MOCK,,False
2026-09-26 17:00:22,INC-004,36.06,32.21,0,CONNECTED,GOOD,TEMPERATURE_VARIATION,MOCK,3.85,True
2026-09-26 17:00:23,INC-001,36.56,32.16,0,CONNECTED,GOOD,NORMAL,MOCK,4.4,True
2026-09-26 17:00:23,INC-002,33.01,32.19,0,CONNECTED,GOOD,TEMPERATURE_CHANGE,MOCK,0.81,True
2026-09-26 17:00:23,INC-003,,32.25,0,ERROR,LOST,SENSOR_ERROR,MOCK,,False
2026-09-26 17:00:23,INC-004,35.92,32.23,0,CONNECTED,GOOD,TEMPERATURE_VARIATION,MOCK,3.69,True
2026-09-26 17:00:24,INC-001,36.58,32.21,0,CONNECTED,GOOD,NORMAL,MOCK,4.36,True
2026-09-26 17:00:24,INC-002,32.59,32.17,0,CONNECTED,GOOD,TEMPERATURE_CHANGE,MOCK,0.42,True
2026-09-26 17:00:24,INC-003,,32.21,0,ERROR,LOST,SENSOR_ERROR,MOCK,,False
2026-09-26 17:00:24,INC-004,36.06,32.19,0,CONNECTED,GOOD,TEMPERATURE_VARIATION,MOCK,3.87,True
2026-09-26 17:00:25,INC-001,36.55,32.19,0,CONNECTED,GOOD,NORMAL,MOCK,4.37,True
2026-09-26 17:00:25,INC-002,32.1,32.24,1,DISLODGED,GOOD,DISLODGEMENT,MOCK,-0.13,True
2026-09-26 17:00:25,INC-003,,32.25,0,ERROR,LOST,SENSOR_ERROR,MOCK,,False
2026-09-26 17:00:25,INC-004,36.04,32.25,0,CONNECTED,GOOD,TEMPERATURE_VARIATION,MOCK,3.79,True
2026-09-26 17:00:26,INC-001,36.67,32.18,0,CONNECTED,GOOD,NORMAL,MOCK,4.49,True
2026-09-26 17:00:26,INC-002,32.39,32.25,1,DISLODGED,GOOD,DISLODGEMENT,MOCK,0.14,True
2026-09-26 17:00:26,INC-003,,32.24,0,ERROR,LOST,SENSOR_ERROR,MOCK,,False
2026-09-26 17:00:26,INC-004,37.16,32.2,0,CONNECTED,GOOD,TEMPERATURE_VARIATION,MOCK,4.95,True
2026-09-26 17:00:27,INC-001,36.62,32.21,0,CONNECTED,GOOD,NORMAL,MOCK,4.4,True
2026-09-26 17:00:27,INC-002,32.14,32.24,1,DISLODGED,GOOD,DISLODGEMENT,MOCK,-0.1,True
2026-09-26 17:00:27,INC-003,,32.25,0,ERROR,LOST,SENSOR_ERROR,MOCK,,False
2026-09-26 17:00:27,INC-004,37.12,32.17,0,CONNECTED,GOOD,TEMPERATURE_VARIATION,MOCK,4.95,True
2026-09-26 17:00:28,INC-001,36.64,32.17,0,CONNECTED,GOOD,NORMAL,MOCK,4.47,True
2026-09-26 17:00:28,INC-002,32.17,32.2,1,DISLODGED,GOOD,DISLODGEMENT,MOCK,-0.03,True
2026-09-26 17:00:28,INC-003,,32.25,0,ERROR,LOST,SENSOR_ERROR,MOCK,,False
2026-09-26 17:00:28,INC-004,37.18,32.18,0,CONNECTED,GOOD,TEMPERATURE_VARIATION,MOCK,5.0,True
2026-09-26 17:00:29,INC-001,36.58,32.17,0,CONNECTED,GOOD,NORMAL,MOCK,4.41,True
2026-09-26 17:00:29,INC-002,32.3,32.16,1,DISLODGED,GOOD,DISLODGEMENT,MOCK,0.15,True
2026-09-26 17:00:29,INC-003,,32.16,0,ERROR,LOST,SENSOR_ERROR,MOCK,,False
2026-09-26 17:00:29,INC-004,37.14,32.17,0,CONNECTED,GOOD,TEMPERATURE_VARIATION,MOCK,4.97,True
2026-09-26 17:00:30,INC-001,36.62,32.25,0,CONNECTED,FAIR,SIGNAL_VARIATION,MOCK,4.37,True
2026-09-26 17:00:30,INC-002,32.16,32.18,1,DISLODGED,GOOD,DISLODGEMENT,MOCK,-0.01,True
2026-09-26 17:00:30,INC-003,35.94,32.22,0,RECONNECTING,POOR,RECONNECTING,MOCK,3.72,True
2026-09-26 17:00:30,INC-004,37.18,32.21,0,CONNECTED,GOOD,TEMPERATURE_VARIATION,MOCK,4.97,True
2026-09-26 17:00:31,INC-001,36.63,32.21,0,CONNECTED,FAIR,SIGNAL_VARIATION,MOCK,4.42,True
2026-09-26 17:00:31,INC-002,32.34,32.19,1,DISLODGED,GOOD,DISLODGEMENT,MOCK,0.15,True
2026-09-26 17:00:31,INC-003,35.93,32.2,0,RECONNECTING,POOR,RECONNECTING,MOCK,3.73,True
2026-09-26 17:00:31,INC-004,37.22,32.21,0,CONNECTED,GOOD,TEMPERATURE_VARIATION,MOCK,5.02,True
2026-09-26 17:00:32,INC-001,36.64,32.23,0,CONNECTED,GOOD,NORMAL,MOCK,4.41,True
2026-09-26 17:00:32,INC-002,32.1,32.21,1,DISLODGED,GOOD,DISLODGEMENT,MOCK,-0.1,True
2026-09-26 17:00:32,INC-003,35.7,32.18,0,RECONNECTING,POOR,RECONNECTING,MOCK,3.53,True
2026-09-26 17:00:32,INC-004,37.13,32.16,0,CONNECTED,GOOD,TEMPERATURE_VARIATION,MOCK,4.96,True
2026-09-26 17:00:33,INC-001,36.53,32.17,0,CONNECTED,GOOD,NORMAL,MOCK,4.35,True
2026-09-26 17:00:33,INC-002,32.2,32.18,1,DISLODGED,GOOD,DISLODGEMENT,MOCK,0.02,True
2026-09-26 17:00:33,INC-003,35.99,32.24,0,RECONNECTING,POOR,RECONNECTING,MOCK,3.75,True
2026-09-26 17:00:33,INC-004,37.17,32.19,0,CONNECTED,GOOD,TEMPERATURE_VARIATION,MOCK,4.98,True
2026-09-26 17:00:34,INC-001,36.56,32.18,0,CONNECTED,GOOD,NORMAL,MOCK,4.38,True
2026-09-26 17:00:34,INC-002,32.07,32.2,1,DISLODGED,GOOD,DISLODGEMENT,MOCK,-0.13,True
2026-09-26 17:00:34,INC-003,35.85,32.22,0,RECONNECTING,POOR,RECONNECTING,MOCK,3.62,True
2026-09-26 17:00:34,INC-004,37.24,32.23,0,CONNECTED,GOOD,TEMPERATURE_VARIATION,MOCK,5.01,True
2026-09-26 17:00:35,INC-001,36.67,32.17,0,CONNECTED,GOOD,NORMAL,MOCK,4.5,True
2026-09-26 17:00:35,INC-002,32.31,32.21,1,DISLODGED,GOOD,DISLODGEMENT,MOCK,0.11,True
2026-09-26 17:00:35,INC-003,36.5,32.16,0,CONNECTED,GOOD,RECOVERED,MOCK,4.34,True
2026-09-26 17:00:35,INC-004,37.13,32.23,0,CONNECTED,GOOD,TEMPERATURE_VARIATION,MOCK,4.9,True
2026-09-26 17:00:36,INC-001,36.57,32.24,0,CONNECTED,GOOD,NORMAL,MOCK,4.33,True
2026-09-26 17:00:36,INC-002,32.04,32.17,1,DISLODGED,GOOD,DISLODGEMENT,MOCK,-0.13,True
2026-09-26 17:00:36,INC-003,36.57,32.18,0,CONNECTED,GOOD,NORMAL,MOCK,4.39,True
2026-09-26 17:00:36,INC-004,36.6,32.15,0,CONNECTED,GOOD,RECOVERED,MOCK,4.45,True
2026-09-26 17:00:37,INC-001,36.58,32.22,0,CONNECTED,GOOD,NORMAL,MOCK,4.37,True
2026-09-26 17:00:37,INC-002,32.22,32.17,1,DISLODGED,GOOD,DISLODGEMENT,MOCK,0.05,True
2026-09-26 17:00:37,INC-003,36.64,32.23,0,CONNECTED,GOOD,NORMAL,MOCK,4.4,True
2026-09-26 17:00:37,INC-004,36.58,32.25,0,CONNECTED,GOOD,NORMAL,MOCK,4.33,True
2026-09-26 17:00:38,INC-001,36.59,32.24,0,CONNECTED,GOOD,NORMAL,MOCK,4.35,True
2026-09-26 17:00:38,INC-002,32.29,32.17,1,DISLODGED,GOOD,DISLODGEMENT,MOCK,0.12,True
2026-09-26 17:00:38,INC-003,36.57,32.18,0,CONNECTED,GOOD,NORMAL,MOCK,4.39,True
2026-09-26 17:00:38,INC-004,36.64,32.22,0,CONNECTED,GOOD,NORMAL,MOCK,4.43,True
2026-09-26 17:00:39,INC-001,36.56,32.18,0,CONNECTED,GOOD,NORMAL,MOCK,4.38,True
2026-09-26 17:00:39,INC-002,32.21,32.17,1,DISLODGED,GOOD,DISLODGEMENT,MOCK,0.04,True
2026-09-26 17:00:39,INC-003,36.58,32.19,0,CONNECTED,GOOD,NORMAL,MOCK,4.39,True
2026-09-26 17:00:39,INC-004,36.64,32.22,0,CONNECTED,GOOD,NORMAL,MOCK,4.43,True
2026-09-26 17:00:40,INC-001,36.56,32.21,0,CONNECTED,GOOD,NORMAL,MOCK,4.36,True
2026-09-26 17:00:40,INC-002,32.2,32.19,0,CONNECTED,GOOD,RECOVERING,MOCK,0.0,True
2026-09-26 17:00:40,INC-003,36.54,32.18,0,CONNECTED,GOOD,NORMAL,MOCK,4.36,True
2026-09-26 17:00:40,INC-004,36.55,32.24,0,CONNECTED,GOOD,NORMAL,MOCK,4.31,True
2026-09-26 17:00:41,INC-001,36.66,32.21,0,CONNECTED,GOOD,NORMAL,MOCK,4.46,True
2026-09-26 17:00:41,INC-002,32.74,32.24,0,CONNECTED,GOOD,RECOVERING,MOCK,0.5,True
2026-09-26 17:00:41,INC-003,36.67,32.19,0,CONNECTED,GOOD,NORMAL,MOCK,4.48,True
2026-09-26 17:00:41,INC-004,36.54,32.15,0,CONNECTED,GOOD,NORMAL,MOCK,4.39,True
2026-09-26 17:00:42,INC-001,36.56,32.19,0,CONNECTED,GOOD,NORMAL,MOCK,4.37,True
2026-09-26 17:00:42,INC-002,33.13,32.17,0,CONNECTED,GOOD,RECOVERING,MOCK,0.96,True
2026-09-26 17:00:42,INC-003,36.66,32.22,0,CONNECTED,GOOD,NORMAL,MOCK,4.45,True
2026-09-26 17:00:42,INC-004,36.63,32.16,0,CONNECTED,GOOD,NORMAL,MOCK,4.46,True
2026-09-26 17:00:43,INC-001,36.6,32.25,0,CONNECTED,GOOD,NORMAL,MOCK,4.35,True
2026-09-26 17:00:43,INC-002,33.62,32.18,0,CONNECTED,GOOD,RECOVERING,MOCK,1.44,True
2026-09-26 17:00:43,INC-003,36.57,32.21,0,CONNECTED,GOOD,NORMAL,MOCK,4.36,True
2026-09-26 17:00:43,INC-004,36.55,32.21,0,CONNECTED,GOOD,NORMAL,MOCK,4.35,True
2026-09-26 17:00:44,INC-001,36.53,32.16,0,CONNECTED,GOOD,NORMAL,MOCK,4.37,True
2026-09-26 17:00:44,INC-002,34.1,32.16,0,CONNECTED,GOOD,RECOVERING,MOCK,1.95,True
2026-09-26 17:00:44,INC-003,36.52,32.2,0,CONNECTED,GOOD,NORMAL,MOCK,4.32,True
2026-09-26 17:00:44,INC-004,36.64,32.22,0,CONNECTED,GOOD,NORMAL,MOCK,4.42,True
2026-09-26 17:00:45,INC-001,36.62,32.16,0,CONNECTED,GOOD,NORMAL,MOCK,4.46,True
2026-09-26 17:00:45,INC-002,34.54,32.25,0,CONNECTED,GOOD,RECOVERING,MOCK,2.29,True
2026-09-26 17:00:45,INC-003,36.59,32.18,0,CONNECTED,GOOD,NORMAL,MOCK,4.41,True
2026-09-26 17:00:45,INC-004,36.62,32.17,0,CONNECTED,GOOD,NORMAL,MOCK,4.45,True
2026-09-26 17:00:46,INC-001,36.59,32.23,0,CONNECTED,GOOD,NORMAL,MOCK,4.36,True
2026-09-26 17:00:46,INC-002,35.04,32.18,0,CONNECTED,GOOD,RECOVERING,MOCK,2.86,True
2026-09-26 17:00:46,INC-003,36.62,32.21,0,CONNECTED,GOOD,NORMAL,MOCK,4.42,True
2026-09-26 17:00:46,INC-004,36.54,32.22,0,CONNECTED,GOOD,NORMAL,MOCK,4.31,True
2026-09-26 17:00:47,INC-001,36.58,32.16,0,CONNECTED,GOOD,NORMAL,MOCK,4.42,True
2026-09-26 17:00:47,INC-002,35.45,32.24,0,CONNECTED,GOOD,RECOVERING,MOCK,3.21,True
2026-09-26 17:00:47,INC-003,36.59,32.2,0,CONNECTED,GOOD,NORMAL,MOCK,4.39,True
2026-09-26 17:00:47,INC-004,36.67,32.23,0,CONNECTED,GOOD,NORMAL,MOCK,4.44,True
2026-09-26 17:00:48,INC-001,36.6,32.25,0,CONNECTED,GOOD,NORMAL,MOCK,4.36,True
2026-09-26 17:00:48,INC-002,35.98,32.23,0,CONNECTED,GOOD,RECOVERING,MOCK,3.75,True
2026-09-26 17:00:48,INC-003,36.6,32.17,0,CONNECTED,GOOD,NORMAL,MOCK,4.42,True
2026-09-26 17:00:48,INC-004,36.52,32.16,0,CONNECTED,GOOD,NORMAL,MOCK,4.36,True
2026-09-26 17:00:49,INC-001,36.66,32.25,0,CONNECTED,GOOD,NORMAL,MOCK,4.41,True
2026-09-26 17:00:49,INC-002,36.37,32.25,0,CONNECTED,GOOD,RECOVERING,MOCK,4.12,True
2026-09-26 17:00:49,INC-003,36.65,32.24,0,CONNECTED,GOOD,NORMAL,MOCK,4.41,True
2026-09-26 17:00:49,INC-004,36.63,32.18,0,CONNECTED,GOOD,NORMAL,MOCK,4.45,True
2026-09-26 17:00:50,INC-001,36.64,32.15,0,CONNECTED,GOOD,NORMAL,MOCK,4.48,True
2026-09-26 17:00:50,INC-002,36.63,32.23,0,CONNECTED,GOOD,RECOVERED,MOCK,4.39,True
2026-09-26 17:00:50,INC-003,36.53,32.17,0,CONNECTED,GOOD,NORMAL,MOCK,4.37,True
2026-09-26 17:00:50,INC-004,36.58,32.25,0,CONNECTED,GOOD,NORMAL,MOCK,4.34,True
2026-09-26 17:00:51,INC-001,36.61,32.22,0,CONNECTED,GOOD,NORMAL,MOCK,4.39,True
2026-09-26 17:00:51,INC-002,36.54,32.24,0,CONNECTED,GOOD,NORMAL,MOCK,4.29,True
2026-09-26 17:00:51,INC-003,36.62,32.2,0,CONNECTED,GOOD,NORMAL,MOCK,4.42,True
2026-09-26 17:00:51,INC-004,36.53,32.22,0,CONNECTED,GOOD,NORMAL,MOCK,4.31,True
2026-09-26 17:00:52,INC-001,36.62,32.18,0,CONNECTED,GOOD,NORMAL,MOCK,4.45,True
2026-09-26 17:00:52,INC-002,36.56,32.16,0,CONNECTED,GOOD,NORMAL,MOCK,4.4,True
2026-09-26 17:00:52,INC-003,36.65,32.18,0,CONNECTED,GOOD,NORMAL,MOCK,4.47,True
2026-09-26 17:00:52,INC-004,36.62,32.22,0,CONNECTED,GOOD,NORMAL,MOCK,4.4,True
2026-09-26 17:00:53,INC-001,36.59,32.16,0,CONNECTED,GOOD,NORMAL,MOCK,4.43,True
2026-09-26 17:00:53,INC-002,36.55,32.21,0,CONNECTED,GOOD,NORMAL,MOCK,4.34,True
2026-09-26 17:00:53,INC-003,36.63,32.23,0,CONNECTED,GOOD,NORMAL,MOCK,4.4,True
2026-09-26 17:00:53,INC-004,36.64,32.16,0,CONNECTED,GOOD,NORMAL,MOCK,4.48,True
2026-09-26 17:00:54,INC-001,36.67,32.2,0,CONNECTED,GOOD,NORMAL,MOCK,4.48,True
2026-09-26 17:00:54,INC-002,36.6,32.21,0,CONNECTED,GOOD,NORMAL,MOCK,4.38,True
2026-09-26 17:00:54,INC-003,36.55,32.17,0,CONNECTED,GOOD,NORMAL,MOCK,4.38,True
2026-09-26 17:00:54,INC-004,36.62,32.24,0,CONNECTED,GOOD,NORMAL,MOCK,4.38,True
2026-09-26 17:00:55,INC-001,36.56,32.24,0,CONNECTED,GOOD,NORMAL,MOCK,4.32,True
2026-09-26 17:00:55,INC-002,36.53,32.24,0,CONNECTED,GOOD,NORMAL,MOCK,4.29,True
2026-09-26 17:00:55,INC-003,36.56,32.15,0,CONNECTED,GOOD,NORMAL,MOCK,4.41,True
2026-09-26 17:00:55,INC-004,36.68,32.16,0,CONNECTED,GOOD,NORMAL,MOCK,4.52,True
2026-09-26 17:00:56,INC-001,36.55,32.2,0,CONNECTED,GOOD,NORMAL,MOCK,4.35,True
2026-09-26 17:00:56,INC-002,36.52,32.19,0,CONNECTED,GOOD,NORMAL,MOCK,4.33,True
2026-09-26 17:00:56,INC-003,36.66,32.2,0,CONNECTED,GOOD,NORMAL,MOCK,4.46,True
2026-09-26 17:00:56,INC-004,36.58,32.23,0,CONNECTED,GOOD,NORMAL,MOCK,4.35,True
2026-09-26 17:00:57,INC-001,36.66,32.24,0,CONNECTED,GOOD,NORMAL,MOCK,4.42,True
2026-09-26 17:00:57,INC-002,36.56,32.23,0,CONNECTED,GOOD,NORMAL,MOCK,4.33,True
2026-09-26 17:00:57,INC-003,36.59,32.16,0,CONNECTED,GOOD,NORMAL,MOCK,4.43,True
2026-09-26 17:00:57,INC-004,36.58,32.19,0,CONNECTED,GOOD,NORMAL,MOCK,4.39,True
2026-09-26 17:00:58,INC-001,36.62,32.18,0,CONNECTED,GOOD,NORMAL,MOCK,4.44,True
2026-09-26 17:00:58,INC-002,36.59,32.22,0,CONNECTED,GOOD,NORMAL,MOCK,4.36,True
2026-09-26 17:00:58,INC-003,36.55,32.21,0,CONNECTED,GOOD,NORMAL,MOCK,4.34,True
2026-09-26 17:00:58,INC-004,36.57,32.2,0,CONNECTED,GOOD,NORMAL,MOCK,4.37,True
2026-09-26 17:00:59,INC-001,36.54,32.21,0,CONNECTED,GOOD,NORMAL,MOCK,4.33,True
2026-09-26 17:00:59,INC-002,36.66,32.15,0,CONNECTED,GOOD,NORMAL,MOCK,4.51,True
2026-09-26 17:00:59,INC-003,36.6,32.22,0,CONNECTED,GOOD,NORMAL,MOCK,4.38,True
2026-09-26 17:00:59,INC-004,36.65,32.23,0,CONNECTED,GOOD,NORMAL,MOCK,4.42,True
